{"cameraMode":{"drawMode":0,"name":"Shaded","section":"Shading Mode"},"sceneLighting":false,"audioPlay":false,"sceneViewState":{"m_AlwaysRefresh":false,"showFog":true,"showSkybox":false,"showFlares":true,"showImageEffects":true,"showParticleSystems":true,"showVisualEffectGraphs":true,"m_FxEnabled":true},"in2DMode":false,"pivot":{"x":-5.485723495483398,"y":1.5302085876464844,"z":-0.15798385441303254},"rotation":{"x":-0.06684131920337677,"y":0.8827447891235352,"z":-0.13233903050422669,"w":-0.44585150480270388},"size":2.039729595184326,"orthographic":false}